CONSTRUCTION	WORD
fast	400m
fast	4ft
fast	8mb
fast	academic
fast	acceleration
fast	access
fast	access
fast	access
fast	access
fast	access
fast	access
fast	access
fast	access
fast	access
fast	access
fast	access
fast	access
fast	access
fast	accumulators
fast	achilles
fast	act
fast	acting
fast	action
fast	action
fast	action
fast	action
fast	action
fast	action
fast	action
fast	action
fast	action
fast	actions
fast	administration
fast	administration
fast	advances
fast	advertising
fast	agreements
fast	aid
fast	aid
fast	aid
fast	air
fast	air
fast	aircraft
fast	aircraft
fast	aircraft
fast	albedo
fast	alcohol
fast	alternate
fast	america
fast	analysis
fast	animal
fast	animal
fast	animal
fast	animals
fast	animation
fast	answer
fast	appleshare
fast	application
fast	approaches
fast	approaches
fast	area
fast	area
fast	area
fast	area
fast	arioso
fast	arpeggio
fast	arrows
fast	ascent
fast	ascent
fast	ascent
fast	assay
fast	atlantic
fast	atlantic
fast	atom
fast	atom
fast	atoms
fast	atoms
fast	attack
fast	attack
fast	automobiles
fast	bacilli
fast	bacilli
fast	back-up
fast	bacteria
fast	badejo
fast	balls
fast	banking
fast	base
quick	240
quick	400m
quick	access
quick	access
quick	access
quick	access
quick	access
quick	access
quick	access
quick	access
quick	access
quick	access
quick	access
quick	access
quick	access
quick	accord
quick	acting
quick	acting
quick	action
quick	action
quick	action
quick	action
quick	action
quick	action
quick	action
quick	action
quick	action
quick	actions
quick	addition
quick	adjustment
quick	adjustments
quick	advance
quick	advantage
quick	aeroplane
quick	affair
quick	agreement
quick	agreement
quick	agreement
quick	air-reinforcement
quick	allan
quick	alterations
quick	alternations
quick	alternative
quick	alternative
quick	anger
quick	answer
quick	answer
quick	answer
quick	answer
quick	answer
quick	answer
quick	answers
quick	answers
quick	anticipation
quick	antidote
quick	ap
quick	aplomb
quick	apology
quick	appraisal
quick	apprehension
quick	apprehension
quick	approach
quick	approximations
quick	arrest
quick	ascent
quick	assembly
quick	assessment
quick	assessment
quick	assessment
quick	assessment
quick	assessment
quick	attack
quick	attendance
quick	avenue
quick	bacterium
quick	ball
quick	ball
quick	ball
quick	ball
quick	bar
quick	barristers
quick	bath
quick	bath
quick	bath
rapid	ability
rapid	absorption
rapid	acceleration
rapid	acceleration
rapid	acceleration
rapid	acceleration
rapid	acceleration
rapid	acceleration
rapid	acceleration
rapid	acceleration
rapid	acceleration
rapid	acceptance
rapid	acceptance
rapid	access
rapid	access
rapid	access
rapid	access
rapid	access
rapid	access
rapid	access
rapid	access
rapid	access
rapid	access
rapid	access
rapid	access
rapid	accumulation
rapid	achievement
rapid	achievement
rapid	acquisition
rapid	acquisition
rapid	action
rapid	action
rapid	action
rapid	action
rapid	action
rapid	adaptation
rapid	adjustment
rapid	adoption
rapid	adoption
rapid	adoption
rapid	advance
rapid	advance
rapid	advance
rapid	advance
rapid	advance
rapid	advance
rapid	advance
rapid	advance
rapid	advances
rapid	advances
rapid	advances
rapid	advances
rapid	advances
rapid	advances
rapid	advances
rapid	advances
rapid	agreement
rapid	agreement
rapid	agreement
rapid	agreement
rapid	agreement
rapid	alteration
rapid	alternation
rapid	alternation
rapid	alternation
rapid	alternations
rapid	amplification
rapid	animation
rapid	appearance
rapid	application
rapid	application
rapid	application
rapid	application
rapid	application
rapid	application
rapid	applications
rapid	applications
rapid	applications
rapid	applications
rapid	approach
rapid	arpeggio
rapid	ascent
rapid	ascent
rapid	ascents
rapid	assay
rapid	assembly
rapid	assembly
rapid	assembly
rapid	assessment
rapid	assessment
rapid	assessment
rapid	association
rapid	attack
rapid	bactec
rapid	barrage
swift	access
swift	accusations
swift	action
swift	action
swift	action
swift	action
swift	action
swift	action
swift	action
swift	action
swift	action
swift	advance
swift	advancement
swift	advances
swift	advances
swift	agreement
swift	animals
swift	apology
swift	apology
swift	apology
swift	approval
swift	approximation
swift	apus
swift	apus
swift	apus
swift	apus
swift	apus
swift	apus
swift	attacks
swift	auto
swift	awards
swift	backlash
